Rua,NrAlojamentos
AVENIDA ALMIRANTE REIS,202
AVENIDA D JOÃO II,144
RUA DOS FANQUEIROS,122
RUA DA BOAVISTA,101
RUA DA ATALAIA,100
RUA DA MADALENA,99
PRAÇA DE DOM LUÍS I,98
RUA DOS REMÉDIOS,97
RUA DAS ESCOLAS GERAIS,88
COSTA DO CASTELO,81
RUA DA ROSA,79
RUA DO BENFORMOSO,78
RUA DOS CORREEIROS,76
RUA DOS POIAIS DE SÃO BENTO,76
RUA DE SÃO JULIÃO,75
RUA DO OLIVAL,75
RUA DO POÇO DOS NEGROS,75
RUA DA PRATA,73
RUA DO DIÁRIO DE NOTÍCIAS,73
RUA MARIA PIA,73
RUA DO CRUCIFIXO,71
RUA DE SÃO BENTO,71
LARGO DAS OLARIAS,68
RUA DA BICA DUARTE BELO,68
RUA DE SÃO PAULO,67
RUA DOS DOURADORES,66
RUA DOS BACALHOEIROS,66
RUA DA MISERICÓRDIA,64
CALÇADA DE SANTANA,63
RUA DE SÃO JOSÉ,63
AVENIDA JOÃO CRISÓSTOMO,63
AVENIDA DUQUE DE LOULÉ,62
RUA MORAIS SOARES,62
RUA VICENTE BORGA,60
RUA CECÍLIO DE SOUSA,60
RUA AUGUSTA,59
RUA DA PALMA,59
RUA DA PENHA DE FRANÇA,59
RUA LUCIANO CORDEIRO,59
RUA DAMASCENO MONTEIRO,59
RUA DOS ANJOS,58
RUA CASTILHO,58
RUA DO ARCO DA GRAÇA,58
RUA DOS MOUROS,56
RUA DA OLIVEIRA AO CARMO,55
RUA DO NORTE,54
AVENIDA ANTÓNIO AUGUSTO DE AGUIAR,53
AVENIDA VINTE E QUATRO DE JULHO,53
RUA DE SANTA MARTA,52
RUA LUZ SORIANO,52
CALÇADA DE SÃO VICENTE,51
RUA DA REGUEIRA,51
RUA DE CASTELO PICÃO,51
RUA DOS SAPATEIROS,51
CALÇADA MARQUÊS DE ABRANTES,51
RUA DA ADIÇA,50
RUA DA BELA VISTA À GRAÇA,50
RUA ÁUREA,49
RUA DA BOMBARDA,49
RUA DA BARROCA,49
RUA DE SÃO MIGUEL,49
RUA RODRIGO DA FONSECA,48
RUA DA SENHORA DA GLÓRIA,48
RUA DO SALVADOR,48
RUA DA GLÓRIA,47
CAMPO DE SANTA CLARA,45
RUA DO SALITRE,45
RUA DO EMBAIXADOR,45
RUA DE GUILHERME BRAGA,44
RUA DO SOL A SANTA CATARINA,44
CALÇADA DO COMBRO,44
TRAVESSA DO TERREIRINHO,44
RUA DE SANTO AMARO,44
RUA DO PASSADIÇO,43
RUA ANTÓNIO PEDRO,43
RUA DAS FARINHAS,43
RUA DO FERRAGIAL,43
RUA DOS HERÓIS DE QUIONGA,43
TRAVESSA DOS FIÉIS DE DEUS,42
RUA DE SANTA JUSTA,42
RUA RODRIGUES SAMPAIO,41
RUA DE SÃO BOAVENTURA,41
RUA DO TELHAL,41
CALÇADA DE SANTO ANDRÉ,41
CALÇADINHA DO TIJOLO,41
AVENIDA DOM CARLOS I,40
RUA DE SÃO JOÃO DA MATA,40
RUA BARÃO DE SABROSA,40
CALÇADA DE SANTO AMARO,40
RUA DE SÃO LÁZARO,40
CALÇADA DO MONTE,40
AVENIDA DA LIBERDADE,39
RUA DO CARMO,39
RUA DOS LAGARES,39
TRAVESSA DO TERREIRO A SANTA CATARINA,39
TRAVESSA DA QUEIMADA,39
CALÇADA DOS BARBADINHOS,38
RUA DE MARTIM VAZ,38
RUA DAS PEDRAS NEGRAS,38
AVENIDA CINCO DE OUTUBRO,38
RUA DO PARAÍSO,38
LARGO DE SANTO ANTONINHO,37
RUA DA ALEGRIA,37
RUA DE SÃO MARÇAL,37
TRAVESSA DA PEREIRA,37
RUA DO TERREIRINHO,37
RUA ANDRADE,36
RUA DO VALE DE SANTO ANTÓNIO,36
RUA DE SÃO JOÃO DA PRAÇA,36
RUA DOS PRAZERES,36
RUA MOUZINHO DA SILVEIRA,35
RUA DO CONDE DE REDONDO,35
TRAVESSA DO CABRAL,35
RUA DA CRUZ DOS POIAIS,35
RUA DA EMENDA,35
RUA ANGELINA VIDAL,35
PRAÇA DOS RESTAURADORES,35
RUA DE SÃO PEDRO MÁRTIR,35
RUA DAS PORTAS DE SANTO ANTÃO,35
TRAVESSA DO CALDEIRA,35
RUA RODRIGUES FARIA,35
RUA DE ARTILHARIA UM,34
RUA DE ARROIOS,34
RUA NOVA DO LOUREIRO,33
RUA DA CONDESSA,33
PRAÇA DA FIGUEIRA,33
RUA DO DUQUE,33
RUA MARCOS PORTUGAL,33
TRAVESSA DO OLIVAL À GRAÇA,33
RUA DE SANTO ANTÓNIO DA GLÓRIA,33
RUA DOS CAVALEIROS,32
RUA DA JUNQUEIRA,32
CALÇADA AGOSTINHO DE CARVALHO,32
RUA DA ASSUNÇÃO,32
RUA DAS TAIPAS,32
AVENIDA DE ROMA,32
RUA DA PADARIA,32
RUA DE SÃO TOMÉ,32
RUA MARQUÊS DE PONTE DE LIMA,31
TRAVESSA DA ESPERA,31
RUA DA PAZ,31
RUA DE MANUEL BERNARDES,31
TRAVESSA DO ALCAIDE,31
RUA HELIODORO SALGADO,31
CALÇADA DA ESTRELA,31
RUA DA VERÓNICA,31
RUA DAS TRINAS,31
AVENIDA DOS DEFENSORES DE CHAVES,30
RUA DAS BARRACAS,30
ALAMEDA DOS OCEANOS,30
RUA DE SÃO CIRO,30
RUA DE PEDRO DIAS,30
RUA DO SOL À GRAÇA,30
RUA DO VALE,29
RUA DAS GÁVEAS,29
AVENIDA DA REPÚBLICA,29
BECO DA LAPA,29
TRAVESSA DOS REMÉDIOS,29
RUA DO GRÉMIO LUSITANO,29
RUA MARIA DA FONTE,29
RUA DA OLIVEIRINHA,29
LARGO DOS TRIGUEIROS,29
RUA DAS MADRES,28
RUA DOS CORDOEIROS,28
RUA DO ARSENAL,28
RUA DO CHÃO DA FEIRA,28
RUA NOVA DA TRINDADE,27
RUA LEITE DE VASCONCELOS,27
RUA PALMIRA,27
RUA JOÃO DO OUTEIRO,27
RUA FRANCISCO SANCHES,27
RUA DO SOL AO RATO,27
RUA CARLOS MARDEL,27
RUA FERNANDES TOMÁS,27
RUA GOMES FREIRE,27
RUA DAS CANASTRAS,27
BECO DO CARRASCO,27
RUA DE CAMPOLIDE,27
RUA NOVA DOS MERCADORES,26
RUA DE ALCÂNTARA,26
RUA DR TEÓFILO BRAGA,26
RUA DA MÃE DÁGUA,26
TRAVESSA DE SANTANA,26
RUA ALEXANDRE DE SÁ PINTO,26
RUA VITOR CORDON,26
RUA DO COMÉRCIO,26
RUA MARQUES DA SILVA,26
TRAVESSA DO MEIO DO FORTE,26
RUA SEBASTIÃO SARAIVA LIMA,26
RUA DO LORETO,26
RUA CIDADE DE CARDIFF,26
RUA EDUARDO COELHO,26
RUA DAS FONTAÍNHAS A SÃO LOURENÇO,25
CALÇADA DO DUQUE,25
RUA DE SÃO SEBASTIÃO DA PEDREIRA,25
ESCADINHAS DO MARQUÊS DE PONTE DE LIMA,25
RUA DAS OLARIAS,25
RUA DOS CAETANOS,25
CALÇADA DO CARMO,25
RUA DA CONCEIÇÃO DA GLÓRIA,25
AVENIDA INFANTE SANTO,25
RUA DO CARRIÃO,25
RUA DE SANTO ANTÓNIO DOS CAPUCHOS,24
BECO DA CARDOSA,24
TRAVESSA JOÃO DE DEUS,24
CALÇADA DO CASCÃO,24
CALÇADA DA BICA GRANDE,24
RUA DA CARIDADE,24
RUA DE SANTO ESTÊVÃO,24
CALÇADA DO GALVÃO,24
TRAVESSA DA PORTUGUESA,24
RUA DE DONA ESTEFÂNIA,24
RUA DA QUINTINHA,24
RUA SARAIVA DE CARVALHO,24
RUA PASSOS MANUEL,23
TRAVESSA DA BICA AOS ANJOS,23
RUA DO RECOLHIMENTO,23
RUA DA ESPERANÇA,23
RUA DA GRAÇA,23
TRAVESSA DO FALASÓ,23
RUA DA FÉ,23
RUA DO MEIO À LAPA,23
RUA DOS MASTROS,23
BECO DO BELO,23
CALÇADA DO GARCIA,23
RUA DAS JANELAS VERDES,22
PÁTIO SALEMA,22
TRAVESSA DE SANTO ANTÓNIO À GRAÇA,22
RUA DA PÁSCOA,22
TELHEIRO DE SÃO VICENTE,22
RUA DAS GAIVOTAS,22
PRAÇA DE LUÍS DE CAMÕES,22
AVENIDA DUQUE DÁVILA,21
RUA LATINO COELHO,21
TRAVESSA NOVA DE SANTOS,21
RUA EÇA DE QUEIROZ,21
LARGO DA GRAÇA,21
CALÇADINHA DE SANTO ESTÊVÃO,21
RUA DA CRUZ DE SANTA APOLÓNIA,21
TRAVESSA DA CONCEIÇÃO DA GLÓRIA,21
CALÇADA DE CASTELO PICÃO,21
RUA BERNARDIM RIBEIRO,21
RUA DA SILVA,21
TRAVESSA DAS FREIRAS,21
RUA DE PASCOAL DE MELO,21
RUA DE O SÉCULO,21
RUA PRIMEIRO DE MAIO,21
RUA DE SANTA BÁRBARA,21
RUA FILIPE DA MATA,20
RUA DA SAUDADE,20
RUA DAS SALGADEIRAS,20
RUA ALEXANDRE HERCULANO,20
RUA WASHINGTON,20
TRAVESSA DE SANTA QUITÉRIA,20
ESCADINHAS DAS OLARIAS,20
RUA DA ESPERANÇA DO CARDAL,20
TRAVESSA DO ROSÁRIO DE SANTA CLARA,20
TRAVESSA DO MARQUÊS DE SAMPAIO,20
CALÇADA SALVADOR CORREIA DE SÁ,20
RUA DO ALECRIM,20
RUA DAS PRAÇAS,20
RUA DOM PEDRO V,20
RUA DO VIGÁRIO,20
RUA DA CONCEIÇÃO,20
RUA TOMÁS RIBEIRO,20
RUA NOVA DO CARVALHO,19
RUA DA COSTA,19
RUA DE SÃO NICOLAU,19
RUA ANTERO DE QUENTAL,19
RUA DA GALÉ,19
BECO DAS CRUZES,19
RUA DA HORTA SECA,19
RUA NOVA DO ALMADA,19
RUA DOS LUSÍADAS,19
RUA AFONSO DOMINGUES,19
VILA QUEIRÓS,19
RUA CAPITÃO RENATO BAPTISTA,19
ESTRADA DE BENFICA,19
RUA DE SÃO FILIPE NÉRI,19
RUA JOSÉ ESTÊVÃO,19
ALAMEDA DOM AFONSO HENRIQUES,18
RUA DA ESCOLA POLITÉCNICA,18
RUA DE MACAU,18
TRAVESSA DO NORONHA,18
RUA DOS FERREIROS A SANTA CATARINA,18
RUA DE SANTA MARINHA,18
RUA DO CONVENTO DA ENCARNAÇÃO,18
TRAVESSA DOS PESCADORES,18
RUA DO MONTE OLIVETE,18
RUA DR OLIVEIRA RAMOS,18
RUA MARECHAL SALDANHA,18
AVENIDA GENERAL ROÇADAS,18
BECO DOS RAMOS,18
TRAVESSA DOS BRUNOS,18
CALÇADA DA BOAHORA,18
RUA DOS FERREIROS À ESTRELA,18
RUA DA INDÚSTRIA,17
BECO DO LOUREIRO,17
RUA DE D DINIS,17
RUA BASÍLIO TELES,17
CALÇADINHA DE SÃO MIGUEL,17
TRAVESSA DO FORNO DO TOREL,17
RUA BRAAMCAMP,17
LARGO TERREIRO DO TRIGO,17
RUA DO ALMADA,17
AVENIDA FONTES PEREIRA DE MELO,17
AVENIDA ELIAS GARCIA,17
RUA DE SÃO MAMEDE,17
RUA DA SOCIEDADE FARMACÊUTICA,17
RUA CAPITÃO LEITÃO,17
TRAVESSA DAS PARREIRAS,17
CAMPO DAS CEBOLAS,17
TRAVESSA DA MADALENA,17
TRAVESSA DA PEIXEIRA,17
RUA CAPITÃO ROBY,17
TRAVESSA DO PASTELEIRO,17
RUA DA SENHORA DO MONTE,17
TRAVESSA DO CONVENTO DE JESUS,17
TRAVESSA DA LARANJEIRA,17
AVENIDA MIGUEL BOMBARDA,17
RUA PRESIDENTE ARRIAGA,17
RUA SABINO DE SOUSA,17
RUA DE SANTO ANTÓNIO A BELÉM,16
RUA POSSIDÓNIO DA SILVA,16
RUA DO ZAIRE,16
RUA NORBERTO DE ARAÚJO,16
RUA DO MACHADINHO,16
ALAMEDA DAS LINHAS DE TORRES,16
RUA ANTÓNIO ALÇADA BAPTISTA,16
RUA DA VOZ DO OPERÁRIO,16
RUA FERREIRA BORGES,16
RUA DA HERA,16
AVENIDA ÓSCAR MONTEIRO TORRES,16
CALÇADA DO LAVRA,16
RUA DE SANTANA À LAPA,16
RUA FERREIRA LAPA,16
TRAVESSA DA CONDESSA DO RIO,16
RUA GENERAL TABORDA,16
RUA MARIA,16
RUA GENERAL FARINHA BEIRÃO,16
TRAVESSA DAS MERCÊS,16
CALÇADA DA PATRIARCAL,16
AVENIDA ALMIRANTE GAGO COUTINHO,16
RUA IVENS,16
RUA DE AUGUSTO ROSA,16
CALÇADA DO CONDE DE PENAFIEL,15
AVENIDA VISCONDE DE VALMOR,15
ARCO ESCURO,15
ESTRADA DE CHELAS,15
RUA DE SÃO GENS,15
RUA LUÍS DE CAMÕES,15
RUA DE SÃO CRISTÓVÃO,15
RUA ANCHIETA,15
RUA TOMÁS DE ANUNCIAÇÃO,15
RUA DE GUSTAVO DE MATOS SEQUEIRA,15
RUA PINHEIRO CHAGAS,15
BECO DOS ACIPRESTES,15
RUA DO QUATRO DE INFANTARIA,15
TRAVESSA DOS LAGARES,15
AVENIDA DE PÁDUA,15
BECO DO GARCÊS,15
PRAÇA 25 DE ABRIL,15
CALÇADA DA AJUDA,15
RUA DE SÃO FÉLIX,15
LARGO RODRIGUES DE FREITAS,15
RUA JOAQUIM BONIFÁCIO,15
TRAVESSA DA BOA-HORA AO BAIRRO ALTO,15
RUA DO PRIOR,15
TRAVESSA DA MEMÓRIA,15
RUA GARCIA DE ORTA,15
RUA DE SÃO PEDRO DE ALCÂNTARA,15
TRAVESSA DO OLIVAL A SANTOS,15
RUA DO TERREIRO DO TRIGO,15
RUA CAETANO PALHA,15
RUA ALIANÇA OPERÁRIA,15
RUA DE MOÇAMBIQUE,14
RUA DA PALMEIRA,14
ESCOLAS GERAIS,14
TRAVESSA DA ÁGUA DA FLOR,14
AVENIDA RESSANO GARCIA,14
RUA CIDADE DE MANCHESTER,14
AVENIDA PRAIA DA VITÓRIA,14
RUA ROSALINA,14
RUA DE PONTA DELGADA,14
TRAVESSA DO CHÃO DA FEIRA,14
RUA GARRETT,14
TRAVESSA DAS TERRAS DO MONTE,14
RUA DO DESTERRO,14
ESTRADA DAS LARANJEIRAS,14
RUA CIDADE DA HORTA,14
RUA DOS CORVOS,14
LARGO DO CALHARIZ,14
LARGO DO INTENDENTE PINA MANIQUE,14
RUA DE SANTA CRUZ DO CASTELO,14
RUA DA ARRÁBIDA,14
RUA ANDRADE CORVO,14
RUA SILVA CARVALHO,14
CALÇADA DO DESTERRO,14
RUA DA BICA DO MARQUÊS,14
RUA DA LAPA,14
RUA DAS MERCÊS,14
RUA COELHO DA ROCHA,14
AVENIDA COLUMBANO BORDALO PINHEIRO,14
RUA DOS CAMINHOS DE FERRO,14
BECO DO FORNO DO CASTELO,14
BECO DA ROSA,14
RUA DA GUINÉ,14
RUA DE PEDROUÇOS,14
RUA EDITH CAVEL,13
RUA CARVALHO ARAÚJO,13
RUA DA VINHA,13
BECO DAS CANAS,13
AVENIDA DA PEREGRINAÇÃO,13
RUA DO CABO,13
RUA COMANDANTE COUSTEAU,13
AVENIDA MIGUEL TORGA,13
BECO DO FORNO DA GALÉ,13
CALÇADINHA DE SÃO LOURENÇO,13
RUA ÁLVARO COUTINHO,13
RUA ACTOR VALE,13
TRAVESSA DA CRUZ DE SOURE,13
RUA DA IMPRENSA NACIONAL,13
TRAVESSA DAS INGLESINHAS,13
RUA JOSEFA DE ÓBIDOS,13
RUA DOS CEGOS,13
AVENIDA DOS ESTADOS UNIDOS DA AMÉRICA,13
AVENIDA DO ÍNDICO,13
RUA DO ARCO DO CARVALHÃO,13
PRAÇA D PEDRO IV,13
RUA GONÇALVES CRESPO,13
LARGO DO DR ANTÓNIO DE SOUSA DE MACEDO,13
BECO DO ALMOTACÉ,13
AVENIDA DE MADRID,12
BECO DA BOMBARDA,12
PRAÇA DA ALEGRIA,12
RUA DO MIRANTE,12
RUA JOAQUIM CASIMIRO,12
BECO DAS FARINHAS,12
PÁTIO DA GALEGA,12
AVENIDA DO RIO DE JANEIRO,12
RUA DOM DUARTE,12
RUA DA MOURARIA,12
TRAVESSA DO CARVALHO,12
RUA MARQUÊS DE FRONTEIRA,12
TRAVESSA TEIXEIRA JÚNIOR,12
TRAVESSA DO MEIO,12
LARGO DE SANTO ESTÊVÃO,12
AVENIDA DO BRASIL,12
RUA CÂMARA PESTANA,12
TRAVESSA DA PIEDADE,12
RUA DA BEMPOSTINHA,12
BECO DAS FLORES,12
LARGO DE SANTA MARINHA,12
TRAVESSA DO SEQUEIRO,12
RUA NOVA DA PIEDADE,12
RUA DOMINGOS SEQUEIRA,12
VILA BERTA À GRAÇA,12
RUA DO MERCA-TUDO,12
TRAVESSA DE SANTA CATARINA,12
BECO DO MAQUINEZ,12
LARGO DO CONTADORMOR,12
RUA DO JASMIM,12
TRAVESSA DO CONDE DE AVINTES,12
BECO DO PENABUQUEL,12
BECO DO OUTEIRINHO DA AMENDOEIRA,12
TRAVESSA DA CRUZ DO DESTERRO,12
RUA DO JARDIM DO TABACO,12
BECO DOS PAUS,12
PRAÇA DO DUQUE DA TERCEIRA,12
TRAVESSA DE SÃO PLÁCIDO,12
RUA DE INFANTARIA DEZASSEIS,12
RUA DO TEIXEIRA,12
RUA DAS FLORES,12
TRAVESSA DO ABARRACAMENTO DE PENICHE,11
RUA AMADEU DE SOUSA CARDOSO,11
AVENIDA JÚLIO DINIS,11
RUA NOVA DO DESTERRO,11
RUA DOS DUQUES DE BRAGANÇA,11
RUA DO PRIOR COUTINHO,11
RUA MARIA ANDRADE,11
LARGO VITORINO DAMÁSIO,11
RUA GENERAL SILVA FREIRE,11
RUA CAMILO CASTELO BRANCO,11
RUA DAS BEATAS,11
RUA DA ACADEMIA DAS CIÊNCIAS,11
RUA DO ARCO A SÃO MAMEDE,11
RUA DO LOUREIRO,11
RUA DA MOEDA,11
RUA DE BELÉM,11
RUA PROFESSOR BRANCO RODRIGUES,11
ESCADINHAS DA BARROCA,11
ALAMEDA DOS PINHEIROS,11
RUA DUQUE DE PALMELA,11
AVENIDA DAS FORÇAS ARMADAS,11
ESCADAS DO MONTE,11
RUA DO DANÚBIO,11
TRAVESSA DO GIESTAL,11
RUA CAPITÃO HUMBERTO DE ATAÍDE,11
RUA DO QUELHAS,11
TRAVESSA DA ARRÁBIDA,11
RUA FILIPE FOLQUE,11
RUA MÁRIO CESARINY,11
RUA DOS NAVEGANTES,11
BECO DE SÃO MIGUEL,11
RUA MARQUÊS DE SÁ DA BANDEIRA,11
TRAVESSA DAS AMOREIRAS A ARROIOS,11
AVENIDA ROVISCO PAIS,11
RUA DO JARDIM À ESTRELA,11
RUA DO CRUZEIRO,11
RUA ALEXANDRE BRAGA,11
TRAVESSA DA AMOREIRA,11
AVENIDA GUERRA JUNQUEIRO,11
RUA DO CONDE,11
RUA BARTOLOMEU DIAS,11
RUA MANUEL MARQUES,11
RUA JOSÉ FALCÃO,11
BECO DAS MIL PATACAS,10
TRAVESSA DO OLEIRO,10
TRAVESSA DO POÇO DA CIDADE,10
CALÇADA DAS NECESSIDADES,10
AVENIDA ÁLVARES CABRAL,10
RUA DAS PARREIRAS,10
RUA DE JOÃO BRÁS,10
AVENIDA ENGENHEIRO ARANTES E OLIVEIRA,10
CALÇADA ENGENHEIRO MIGUEL PAIS,10
RUA DO CURA,10
RUA DO CAMPO DE OURIQUE,10
CALÇADA DO TIJOLO,10
TRAVESSA DOS POIAIS,10
PRAÇA DE SÃO PAULO,10
BECO DA VERÓNICA,10
RUA REBELO DA SILVA,10
TRAVESSA DE SÃO MIGUEL,10
RUA FERNÃO DE MAGALHÃES,10
RUA DE SANTA ENGRÁCIA,10
TRAVESSA DAS ISABÉIS,10
CALÇADA DA TAPADA,10
BECO DO CARNEIRO,10
RUA JACINTO NUNES,10
RUA QUIRINO DA FONSECA,10
CALÇADA DA PAMPULHA,10
RUA MANUEL SOARES GUEDES,10
TRAVESSA DA SENHORA DA GLÓRIA,10
BECO DA FORMOSA,10
RUA SOUSA MARTINS,10
RUA CIDADE DA BEIRA,10
ESCADINHAS DE SÃO CRISPIM,10
RUA DOM JOÃO V,10
RUA DA ILHA DE SÃO TOMÉ,10
TRAVESSA DO CARMO,10
TRAVESSA DAS ALMAS,10
RUA DE SÃO LOURENÇO,10
LARGO DO TERREIRINHO,10
RUA DE MARCOS MARREIROS,10
TRAVESSA DE SANTANA DA CRUZ,10
RUA DR GAMA BARROS,10
RUA AUGUSTO JOSÉ VIEIRA,10
TRAVESSA DE VITORINO DE FREITAS,10
LARGO DE SANTA CRUZ DO CASTELO,10
RUA FRANCISCO PEDRO CURADO,10
RUA CARLOS REIS,10
RUA DOS AÇORES,10
TRAVESSA DO JUDEU,10
RUA VIEIRA PORTUENSE,10
RUA DA CRUZ A ALCÂNTARA,10
RUA DA TRINDADE,10
LARGO DO OLIVAL,9
RUA ANTÓNIO LUÍS INÁCIO,9
RUA DE SÃO BERNARDO,9
RUA ARTUR LAMAS,9
RUA DOS ARGONAUTAS,9
TRAVESSA DO ZAGALO,9
RUA DE XABREGAS,9
TRAVESSA DO COMBRO,9
PRAÇA DOM MANUEL I,9
RUA DOS REMOLARES,9
TRAVESSA DO ALMADA,9
RUA DA BELA VISTA À LAPA,9
RUA EGAS MONIZ,9
TRAVESSA DE SÃO JOSÉ,9
BOQUEIRÃO DOS FERREIROS,9
ALTO DO LONGO,9
RUA FEIO TERENAS,9
BECO DO ROSENDO,9
RUA PEDRO ALEXANDRINO,9
RUA DOS BALDAQUES,9
RUA GENERAL GARCIA ROSADO,9
BECO DO FORNO,9
AVENIDA LUÍS BIVAR,9
CALÇADA DE SÃO FRANCISCO,9
RUA RUI BARBOSA,9
RUA DOS SAPADORES,9
CALÇADA DO FORTE,9
ESCADINHAS DE SANTO AMARO,9
TRAVESSA DA PALMEIRA,9
TRAVESSA DA ARROCHELA,9
PRAÇA DAS FLORES,9
RUA DE BARROS QUEIRÓS,9
RUA BARTOLOMEU DA COSTA,9
RUA CORREIA TELES,9
RUA DO SOL A CHELAS,9
RUA FREI FRANCISCO FOREIRO,9
RUA ESTÁCIO DA VEIGA,9
RUA CONSELHEIRO ARANTES PEDROSO,9
RUA MARTINS SARMENTO,9
RUA DA BICA DO SAPATO,9
BECO DA LAJE,9
LARGO DE SANTO ANTÓNIO DA SÉ,9
RUA DAS FLORES DE SANTA CRUZ,9
RUA PRIOR DO CRATO,9
BECO DOS SURRADORES,9
RUA DO ALVITO,9
AVENIDA ENGENHEIRO DUARTE PACHECO,9
RUA JOAQUIM ANTÓNIO DE AGUIAR,9
LARGO DE SÃO RAFAEL,9
TRAVESSA DE SANTO ANTÓNIO DA SÉ,9
CALÇADA DOS CESTEIROS,9
RUA DOS JERÓNIMOS,9
LARGO TRINDADE COELHO,9
RUA DO BARÃO,9
RUA DO GARCIA À CASCALHEIRA,9
TRAVESSA DE SÃO BERNARDINO,9
RUA DOM CARLOS DE MASCARENHAS,9
ESCADINHAS DOS REMÉDIOS,9
ESCADINHAS DAMASCENO MONTEIRO,9
RUA UM DA VILA MAIA,9
CALÇADA DA QUINTINHA,9
CALÇADA DO POÇO DOS MOUROS,9
RUA NOVA DE SÃO MAMEDE,9
RUA CIDADE DE LIVERPOOL,9
RUA FRANCISCO METRASS,8
RUA RIBEIRO SANCHES,8
TRAVESSA DA CARA,8
RUA DO GALVÃO,8
RUA FREI MANUEL DO CENÁCULO,8
LARGO DO CALVÁRIO,8
LARGO DE SÃO MIGUEL,8
RUA DE BORGES CARNEIRO,8
AVENIDA MARECHAL FRANCISCO DA COSTA GOMES,8
RUA DA PRAIA DO BOM SUCESSO,8
RUA DO VALE FORMOSO DE CIMA,8
RUA VIRIATO,8
CALÇADA NOVA DO COLÉGIO,8
TRAVESSA DO FORNO AOS ANJOS,8
RUA DO ESPÍRITO SANTO,8
PASSEIO DO BÁLTICO,8
TRAVESSA DO ALMARGEM,8
TRAVESSA DOS INGLESINHOS,8
RUA VIEIRA LUSITANO,8
RUA DO MATO GROSSO,8
CALÇADA DO CARDEAL,8
CAMPO DOS MÁRTIRES DA PÁTRIA,8
TRAVESSA DE SANTOS,8
LARGO DE SANTA LUZIA,8
TRAVESSA DA PAZ,8
RUA DO GUARDAMOR,8
TRAVESSA DA NAZARÉ,8
BECO DOS APÓSTOLOS,8
RUA PROF SOUSA DA CÂMARA,8
RUA DOS REMÉDIOS À LAPA,8
TRAVESSA DA VERBENA,8
RUA DE RAFAEL DE ANDRADE,8
TRAVESSA DA RIBEIRA NOVA,8
AVENIDA INFANTE DOM HENRIQUE,8
BECO DA RÉ,8
RUA DAS URCAS,8
RUA VISCONDE DE SANTARÉM,8
AVENIDA CIDADE DE BRATISLAVA,8
TRAVESSA DO CHÃO DO LOUREIRO,8
AVENIDA CONDE DE VALBOM,8
RUA NEWTON,8
CALÇADA DO MOINHO DE VENTO,8
RUA ANTÓNIO MARIA CARDOSO,8
RUA DE SANTA CATARINA,8
PRAÇA FRANCISCO SÁ CARNEIRO,8
RUA DE ANGOLA,8
TRAVESSA DA MADRESSILVA,8
LARGO DO MARQUÊS DO LAVRADIO,8
TRAVESSA HENRIQUE CARDOSO,8
AVENIDA CASAL RIBEIRO,8
RUA JANGADA DE PEDRA,8
RUA AFONSO DE ALBUQUERQUE,8
CALÇADA DOS MESTRES,8
AVENIDA DE BERLIM,8
BECO DO SURRA,8
PÁTIO AFONSO DE ALBUQUERQUE,8
RUA MACHADO DE CASTRO,8
RUA DR ALMEIDA AMARAL,8
LARGO DO CONDE BARÃO,8
RUA TENENTE ESPANCA,8
RUA DOM JOÃO DE CASTRO,8
RUA DA CENTIEIRA,8
TRAVESSA DE PAULO MARTINS,8
RUA A,8
TRAVESSA DO ARCO DA GRAÇA,8
RUA MARTENS FERRÃO,8
RUA TRIÂNGULO VERMELHO,8
TRAVESSA DE SÃO PEDRO,8
RUA FRESCA,8
RUA DE SÃO FRANCISCO DE BORJA,8
RUA LOPES,8
AVENIDA CIDADE DE LUANDA,7
RUA DAMIÃO DE GÓIS,7
BECO DO MEXIAS,7
LARGO DOS LÓIOS,7
RUA FERNÃO MENDES PINTO,7
RUA DA METADE,7
RUA CARLOS RIBEIRO,7
BECO DO RECOLHIMENTO,7
RUA CONDE DAS ANTAS,7
RUA DAS ADELAS,7
RUA DO MONTEPIO GERAL,7
RUA DAS FURNAS,7
RUA DE SÃO VICENTE,7
AVENIDA MOUZINHO DE ALBUQUERQUE,7
RUA SOUSA VITERBO,7
RUA JACINTA MARTO,7
TRAVESSA DO ARCO A JESUS,7
BECO DE SÃO MARÇAL,7
RUA SAMPAIO E PINA,7
RUA FRADESSO DA SILVEIRA,7
RUA DA CRUZ DA CARREIRA,7
RUA ALVES TORGO,7
PRAÇA DO PRÍNCIPE REAL,7
RUA AFONSO LOPES VIEIRA,7
RUA DR LUÍS DE ALMEIDA E ALBUQUERQUE,7
AVENIDA AFONSO III,7
RUA NATÁLIA CORREIA,7
TRAVESSA DO PINHEIRO,7
RUA ACTOR TABORDA,7
RUA DAS CHAGAS,7
BECO DOS LÓIOS,7
LARGO DO SALVADOR,7
RUA GENERAL PIMENTA DE CASTRO,7
RUA DAVID LOPES,7
RUA DO BORJA,7
TRAVESSA DO PARDAL,7
PÁTIO DO PINZALEIRO,7
RUA ROSA ARAÚJO,7
RUA JOÃO BASTOS,7
AVENIDA SACADURA CABRAL,7
BECO DOS CATIVOS,7
RUA AUGUSTO GIL,7
RUA ALFERES BARRILARO RUAS,7
ESTRADA DO CALHARIZ DE BENFICA,7
BECO DO ALEGRETE,7
TRAVESSA DAS SALGADEIRAS,7
RUA AZEDO GNECO,7
TRAVESSA DOS REMOLARES,7
CALÇADA DO OLIVAL,7
CRUZ DE SANTA HELENA,7
TRAVESSA DE SANTA MARTA,7
CALÇADA DA PICHELEIRA,7
RUA SERPA PINTO,7
TRAVESSA DO GRILO,7
TRAVESSA DE SANTA TERESA,7
CRUZES DA SÉ,7
RUA CÂNDIDO DE OLIVEIRA,6
RUA CASTELO BRANCO SARAIVA,6
TRAVESSA DAS MERCEEIRAS,6
JARDIM DOS JACARANDÁS,6
RUA ALMIRANTE BARROSO,6
TRAVESSA NOVA DE SÃO DOMINGOS,6
RUA PRIMEIRO DE DEZEMBRO,6
TRAVESSA DOS MASTROS,6
RUA GENERAL JOÃO DE ALMEIDA,6
RUA JOÃO DE CASTILHO,6
RUA DO FUNCHAL,6
RUA DAS MUSAS,6
BECO DO FORNO DO SOL,6
RUA DE DIOGO DO COUTO,6
RUA PAIO PERES CORREIA,6
RUA FIALHO DE ALMEIDA,6
RUA FERNANDO MAURÍCIO,6
RUA ANDRÉ BRUN,6
BECO DO POCINHO,6
RUA GENERAL MASSANO DE AMORIM,6
RUA PINTO FERREIRA,6
RUA DO GIESTAL,6
RUA DA AMENDOEIRA,6
RUA TENENTE FERREIRA DURÃO,6
RUA PEDRO NUNES,6
TRAVESSA DO ROSÁRIO,6
RUA FRANCISCO ANDRADE,6
RUA JOÃO DE FREITAS BRANCO,6
CAMPO GRANDE,6
RUA DO LARANJAL,6
ESCADINHAS DE SANTO ESTÊVÃO,6
RUA DO ALMIRANTE PESSANHA,6
RUA DR ANTÓNIO MARTINS,6
RUA DO PATROCÍNIO,6
RUA DO FORNO DO TIJOLO,6
RUA CAVALEIRO DE OLIVEIRA,6
RUA DE SÃO DOMINGOS,6
RUA PEREIRA E SOUSA,6
TRAVESSA DO JORDÃO,6
RUA ANTÓNIO PEREIRA CARRILHO,6
RUA DOM LUÍS I,6
RUA ABADE FARIA,6
BECO DE SANTA HELENA,6
ESCADINHAS DE SÃO CRISTÓVÃO,6
RUA DO GARRIDO,6
CALÇADA DA BICA PEQUENA,6
RUA FREI FORTUNATO DE SÃO BOAVENTURA,6
RUA DO PADRE SENA DE FREITAS,6
RUA DO ALVIELA,6
BECO DO CASTELO,6
LARGO DO CHAFARIZ DE DENTRO,6
RUA RAINHA DONA LUÍSA DE GUSMÃO,6
RUA DAS PRETAS,6
RUA GIL VICENTE,6
TRAVESSA DA PENA,6
CALÇADA DA MEMÓRIA,6
RUA FELICIANO DE SOUSA,6
LARGO DA TRINDADE,6
CALÇADA DO CORREIO VELHO,6
RUA CIDADE DE VILA CABRAL,6
TRAVESSA DA OLIVEIRA À ESTRELA,6
RUA DAS DAMAS,6
TRAVESSA DO PÉDEFERRO,6
RUA DA ILHA DO PRÍNCIPE,6
AVENIDA ÁLVARO PAIS,6
RUA DR JOÃO COUTO,6
RUA GENERAL JUSTINIANO PADREL,5
CALÇADA DO CONDE DE POMBEIRO,5
BECO DA BOAVISTA,5
RUA DE SANTO ANTÓNIO À ESTRELA,5
AVENIDA JOSÉ MALHOA,5
RUA DO VOLGA,5
RUA SAMPAIO BRUNO,5
TRAVESSA DO FORTE,5
RUA DOS INDUSTRIAIS,5
RUA VÍTOR BASTOS,5
RUA DA VITÓRIA,5
PRAÇA DO NORTE,5
LARGO ERNESTO DA SILVA,5
RUA JOSÉ DIAS COELHO,5
TRAVESSA DE SANTO ANTÓNIO A SANTOS,5
TRAVESSA DE SANTO ILDEFONSO,5
LARGO HINTZE RIBEIRO,5
TRAVESSA DE SÃO JOÃO DA PRAÇA,5
RUA PROF PRADO COELHO,5
RUA DAS AMOREIRAS,5
RUA DO LIMOEIRO,5
RUA ROSA DAMASCENO,5
TRAVESSA DA TAPADA,5
BECO DO MONTE,5
AVENIDA BARBOSA DU BOCAGE,5
RUA DOS CONTRABANDISTAS,5
RUA DAS ENFERMEIRAS DA GRANDE GUERRA,5
PÁTIO DO COLÉGINHO,5
LARGO DE SÃO CARLOS,5
TRAVESSA DO MALDONADO,5
RUA VIRGÍNIA,5
ARCO DO ROSÁRIO,5
CALÇADA DA ROSA,5
RUA DO JARDIM DO REGEDOR,5
TRAVESSA DO CEGO,5
ESCADINHAS DE SÃO MIGUEL,5
AVENIDA JOÃO XXI,5
BECO DAS BARRELAS,5
ESCADINHAS DA ACHADA,5
LARGO DO PICADEIRO,5
RUA DOS ARNEIROS,5
RUA DA PRAIA DE PEDROUÇOS,5
PRAÇA JOÃO DE AZEVEDO COUTINHO,5
TRAVESSA DA BOAHORA À AJUDA,5
RUA DO CORPO SANTO,5
TRAVESSA DAS MÓNICAS,5
RUA DE SANTA APOLÓNIA,5
LARGO DO CORPO SANTO,5
RUA ACTRIZ ADELINA ABRANCHES,5
RUA CIDADE DE BISSAU,5
AVENIDA POETA MISTRAL,5
LARGO DO SEQUEIRA,5
BECO DO ESPÍRITO SANTO,5
RUA DA ACHADA,5
TRAVESSA DAS FONTAÍNHAS,5
TRAVESSA DA HORTA NAVIA,5
RUA DO POSSOLO,5
RUA DO LUMIAR,5
ESTRADA DA LUZ,5
CALÇADA DO DUQUE DE LAFÕES,5
LARGO DE SÃO SEBASTIÃO DA PEDREIRA,5
RUA DA COZINHA ECONÓMICA,5
RUA BRANCA DE GONTA COLAÇO,5
RUA DA IMPRENSA À ESTRELA,5
TRAVESSA DO GUARDAJÓIAS,5
ALTO DO CARVALHÃO,5
AVENIDA FERNANDO PESSOA AO PARQUE DAS NAÇÕES,5
RAMPA DAS NECESSIDADES,5
RUA DO JARDIM BOTÂNICO,5
RUA MESTRE ANTÓNIO MARTINS,5
BECO DO JASMIM,5
TRAVESSA DO MONTE,5
RUA DOS QUARTÉIS,5
PRAÇA DA ARMADA,5
RUA DE SÃO PEDRO,5
TRAVESSA DO CAIS DO TOJO,5
RUA DO CONGO,5
RUA DO FIGUEIREDO,5
RUA FRANCISCO TOMÁS DA COSTA,5
RUA ACTOR TASSO,5
RUA LEÃO DE OLIVEIRA,5
LARGO DA OLIVEIRINHA,5
RUA DO GRILO,5
RUA ACTOR ISIDORO,5
BECO DOS BIRBANTES,5
AVENIDA GOMES PEREIRA,5
BECO DE SÃO LUÍS DA PENA,5
RUA JOSÉ DOMINGOS BARREIROS,5
AVENIDA DE BERNA,5
RUA DE SANTOSOVELHO,5
LARGO DO OUTEIRINHO DA AMENDOEIRA,5
RUA CIDADE DE BENGUELA,5
TRAVESSA DO LIVRAMENTO,5
RUA POETA MILTON,5
TRAVESSA DO CALADO,5
TRAVESSA DO ADRO,5
BECO DO MIRANTE,5
TRAVESSA DO HOSPITAL,5
RUA GUALDIM PAIS,4
RUA DOM FRANCISCO MANUEL DE MELO,4
CALÇADA DE ARROIOS,4
RUA DO CONSELHEIRO LOPO VAZ,4
CAMPO PEQUENO,4
RUA DO TIBRE,4
RUA DE JOSÉ RICARDO,4
RUA PAULO DIAS DE NOVAIS,4
RUA JOSÉ CARLOS DOS SANTOS,4
RUA JOÃO ORTIGÃO RAMOS,4
RUA BORGES GRAÍNHA,4
TRAVESSA DAS ATAFONAS,4
RUA GERVÁSIO LOBATO,4
PRAÇA PAIVA COUCEIRO,4
TRAVESSA DAS NECESSIDADES,4
TRAVESSA DE DOM VASCO,4
RUA ALFREDO DA SILVA,4
AVENIDA DAVID MOURÃOFERREIRA,4
RUA BARTOLOMEU DE GUSMÃO,4
RUA ABRANCHES FERRÃO,4
RUA DE DOM VASCO,4
RUA SOARES DOS REIS,4
TRAVESSA DE SANTO ANTÓNIO A BELÉM,4
RUA CAPITÃO AFONSO PALA,4
RUA ENGENHEIRO SANTOS SIMÕES,4
PRAÇA JOÃO DO RIO,4
RUA NOVA DO CALHARIZ,4
RUA DE CABO VERDE,4
RUA ANTÓNIO MARIA BAPTISTA,4
CIRCULAR NORTE DO BAIRRO DA ENCARNAÇÃO,4
AVENIDA DA IGREJA,4
RUA AQUILES MONTEVERDE,4
RUA HELENA VAZ DA SILVA,4
TRAVESSA ARTUR LAMAS,4
RUA DE BUENOS AIRES,4
RUA FERNANDO CALDEIRA,4
RUA CIDADE DE MALANJE,4
RUA FERNANDO PESSOA,4
RUA CARRILHO VIDEIRA,4
TRAVESSA DA ILHA DO GRILO,4
RUA PROFESSOR MIRA FERNANDES,4
ESTRADA DE MOSCAVIDE,4
LARGO DO RATO,4
RUA MAESTRO ANTÓNIO TABORDA,4
PRAÇA DAS CASAS NOVAS,4
TRAVESSA DE CIMA DOS QUARTÉIS,4
RUA NEVES COSTA,4
RUA VICE ALMIRANTE AUGUSTO DE CASTRO GUEDES,4
LARGO CONDE DE OTTOLINI,4
RUA DE SÃO JOAQUIM,4
RUA AUGUSTO GOMES FERREIRA,4
RUA JOSÉ OSÓRIO DE OLIVEIRA,4
RUA DE MARVILA,4
RUA AMILCAR CABRAL,4
TRAVESSA DA LÉGUA DA PÓVOA,4
PRAÇA DA ILHA DO FAIAL,4
RUA PROF SIMÕES RAPOSO,4
RUA DOS CASTELINHOS,4
RUA BERNARDO LIMA,4
RUA GUILHERME ANJOS,4
LARGO DE SÃO MARTINHO,4
RUA FERNANDES DA FONSECA,4
ESCADINHAS DA PORTA DO CARRO,4
LARGO DE JESUS,4
RUA JORGE FERREIRA DE VASCONCELOS,4
TRAVESSA DO MALVAR,4
RUA DO CAIS DE SANTARÉM,4
TRAVESSA DO ENVIADO DE INGLATERRA,4
TRAVESSA DE CAMPO DE OURIQUE,4
RUA PADRE ANTÓNIO VIEIRA,4
ESCADINHAS DE SÃO TOMÉ,4
RUA RUBEN A LEITÃO,4
RUA DO ARCO DO MARQUÊS DE ALEGRETE,4
BECO DO AZINHAL,4
RUA DO ATAÍDE,4
ESCADINHAS DAS PORTAS DO MAR,4
CALÇADINHA DA FIGUEIRA,4
RUA SEIS BAIRRO DA ENCARNAÇÃO,4
PRAÇA MARTIM MONIZ,4
TRAVESSA DA TRINDADE,4
RUA LUÍS PASTOR DE MACEDO,4
AVENIDA DAS NAÇÕES UNIDAS,4
LARGO DA PAZ,4
TRAVESSA DO CAIS DA ALFÂNDEGA VELHA,4
LARGO DO MITELO,4
RUA DO ZAMBEZE,4
TRAVESSA DO SACRAMENTO A ALCÂNTARA,4
RUA ALEXANDRE ONEILL,4
RUA DO REGEDOR,4
RUA TOMÁS DA FONSECA,4
BECO DOS PEIXINHOS,4
RUA JOÃO DO NASCIMENTO COSTA,4
ESCADINHAS DA SAÚDE,4
BECO DO MELO,4
TRAVESSA DE GASPAR TRIGO,4
TRAVESSA DE SÃO TOMÉ,4
RUA FRANCISCO LYON DE CASTRO,4
BECO DOS FRÓIS,4
RUA DO MAR DO NORTE,4
RUA DE TIMOR,4
RUA SOEIRO PEREIRA GOMES,4
TRAVESSA DE PAULO JORGE,4
TRAVESSA DA HERA,4
BECO DA CORVINHA,4
RUA DA QUINTA DO JACINTO,4
LARGO DA SEVERA,4
RUA XAVIER DE ARAÚJO,4
VILA DO CASTELO NAS ESCADINHAS DA COSTA CASTELO,4
RUA JOAQUIM ROCHA CABRAL,4
LARGO SANTOS-O-NOVO,4
ESCADINHAS DO ARCO DE DONA ROSA,4
RUA EUGÉNIO DE CASTRO RODRIGUES,3
RUA DA ESCOLA DO EXÉRCITO,3
RUA ACTRIZ PALMIRA BASTOS,3
RUA DO TELHAL AOS OLIVAIS,3
PRAÇA DE CHINDE,3
RUA DE DOMINGOS TENDEIRO,3
RUA DO CAPELÃO,3
RUA VASCO BOTELHO DO AMARAL,3
RUA JOÃO PEREIRA DA ROSA,3
RUA VILA SANTOS,3
LARGO DO LIMOEIRO,3
RUA MANUEL DA SILVA LEAL,3
RUA DO SENA,3
LARGO DO CABEÇO DE BOLA,3
RUA DO TAMISA,3
RUA FILINTO ELÍSIO,3
RUA ALMEIDA E SOUSA,3
TRAVESSA DE SÃO VICENTE,3
TRAVESSA DOS FERREIROS A BELÉM,3
RUA FREI CARLOS,3
RUA DOS CORTES REAIS,3
PASSEIO DO ADAMASTOR,3
RUA DOUTOR GREGÓRIO RODRIGUES FERNANDES,3
RUA DOS LOJISTAS,3
RUA DO CARDAL DA GRAÇA,3
RUA 1º CABO JOSÉ MARTINS SILVESTRE,3
AVENIDA RAINHA DONA AMÉLIA,3
RUA SARGENTO ARMANDO MONTEIRO FERREIRA,3
RUA TOMÁS DEL NEGRO,3
RUA LUÍS BRAILLE,3
CALÇADA DA CRUZ DA PEDRA,3
RUA PADRE FRANCISCO,3
RUA GILBERTO FREYRE,3
RUA DO SACRAMENTO À LAPA,3
TRAVESSA DO CONDE DA RIBEIRA,3
RUA DA OLIVEIRA DE SÃO LÁZARO,3
LARGO DE SANTOS,3
RUA TENENTE VALADIM,3
RUA PEDRO CALMON,3
AVENIDA DO PACÍFICO,3
TRAVESSA DA COVA DA MOURA,3
TRAVESSA DE SANTA MARINHA,3
RUA TENENTE VIRIATO CORREIA DE LACERDA,3
RUA LUCINDA SIMÕES,3
RUA GUIOMAR TORRESÃO,3
TRAVESSA DO ALECRIM,3
RUA PROFESSOR LIMA BASTO,3
TRAVESSA DA CONCEIÇÃO À LAPA,3
RUA FRANCISCO MANTERO,3
VILA CÂNDIDA,3
RUA BERNARDA FERREIRA DE LACERDA,3
BOQUEIRÃO DO DURO,3
RUA ALFREDO MESQUITA,3
PRAÇA SÓCRATES DA COSTA,3
LARGO DOS STEPHENS,3
TRAVESSA DO POÇO DOS NEGROS,3
RUA DO TROMBETA,3
AVENIDA FRANÇOIS MITTERRAND,3
RUA LUÍS PINTO MOITINHO,3
LARGO DO CARMO,3
RUA DO CAIS DO TOJO,3
RUA ROSÁLIA DE CASTRO,3
TRAVESSA DO BARBOSA,3
RUA OLIVEIRA CADORNEGA,3
BECO DA BEMPOSTINHA,3
RUA ALVES REDOL,3
RUA ADOLFO COELHO,3
TRAVESSA DOS ESCALERES,3
RUA ADRIANO CORREIA DE OLIVEIRA,3
RUA LUCINDA DO CARMO,3
RUA DA QUINTA DO ALMARGEM,3
ALAMEDA ANTÓNIO SÉRGIO,3
TRAVESSA DO COLÉGIO,3
TRAVESSA DA CONCEIÇÃO,3
LARGO DE SÃO JOÃO NEPOMUCENO,3
RUA CONDE DE SABUGOSA,3
RUA PRISTA MONTEIRO,3
AVENIDA SANTA JOANA PRINCESA,3
RUA DO MIRADOR,3
PRAÇA ANTÓNIO SARDINHA,3
RUA VERA LAGOA,3
LARGO DE SÃO DOMINGOS,3
RUA DOM JOSÉ DE BRAGANÇA,3
BECO DO IMAGINÁRIO,3
TRAVESSA DOS FORNOS,3
RUA DAVID DE SOUSA,3
RUA B AO BAIRRO DA LIBERDADE,3
RUA PROF MACHADO MACEDO,3
PARADA DO ALTO DE SÃO JOÃO,3
CALÇADA DA GRAÇA,3
TRAVESSA REBELO DA SILVA,3
RUA DEZ BAIRRO DA CALÇADA DOS MESTRES,3
PRAÇA AFRÂNIO PEIXOTO,3
RUA AGOSTINHO NETO,3
RUA VISCONDE DE JUROMENHA,3
RUA DA COVA DA MOURA,3
RUA FRANCISCO RODRIGUES LOBO,3
RUA ACTRIZ MARIA MATOS,3
RUA JOSÉ CARDOSO PIRES,3
RUA GUILHERME DE FARIA,3
RUA DA CRUZ VERMELHA,3
PRAÇA DE BILENE,3
RUA DA ESCOLA DE MEDICINA VETERINÁRIA,3
RUA ACÁCIO DE PAIVA,3
TRAVESSA DO JARDIM,3
RUA ALEXANDRE FERREIRA,3
RUA SOUSA BASTOS,3
TRAVESSA DO RECOLHIMENTO DE LÁZARO LEITÃO,3
RUA ENGENHEIRO MANUEL ROCHA,3
AVENIDA MARQUÊS DE TOMAR,3
RUA ACTOR JOAQUIM DE ALMEIDA,3
PRAÇA DAS NOVAS NAÇÕES,3
RUA DE SÃO CAETANO,3
RUA PROFESSOR CELESTINO DA COSTA,3
RUA FRANCISCO DA CONCEIÇÃO SILVA,3
ROSSIO DE PALMA,3
RUA CONSELHEIRO MARTINS DE CARVALHO,3
BECO DOS BEGUINHOS,3
RUA ENGENHEIRO VIEIRA DA SILVA,3
TRAVESSA DO TERREIRO DO TRIGO,3
AVENIDA DOM VASCO DA GAMA,3
RUA BRAAMCAMP FREIRE,3
PASSEIO DO CANTÁBRICO,3
AVENIDA DR MÁRIO MOUTINHO,3
LARGO DR BERNARDINO ANTÓNIO GOMES PAI,3
RUA DIREITA DE PALMA,3
PRAÇA DR ALFREDO DA CUNHA,3
AVENIDA SÃO JOÃO DE DEUS,3
RUA ALBERTO PIMENTEL,3
TRAVESSA DO CORPO SANTO,3
TRAVESSA DO MONTE DO CARMO,3
RUA CIDADE DE PORTO ALEXANDRE,3
BECO DA MÓ,3
RUA DR JOÃO SOARES,3
TRAVESSA DO MOINHO VELHO,3
RUA DA CASCALHEIRA,3
TRAVESSA DE SANTA LUZIA,3
RUA NOGUEIRA E SOUSA,3
RUA DE JOÃO PENHA,3
RUA ANTÓNIO LOPES RIBEIRO,3
TRAVESSA DAS LINHEIRAS,3
ALTO DO PENALVA,3
RUA DO BARÃO DE MONTE PEDRAL,3
RUA ACTOR JOÃO ROSA,3
RUA DA RIBEIRA NOVA,3
RUA DE VILA SENA,3
RUA RAMALHO ORTIGÃO,3
TRAVESSA DOS SURRADORES,3
RUA DOS CORDOEIROS A PEDROUÇOS,3
ALTO DE SÃO FRANCISCO,3
TRAVESSA DO ARCO DA TORRE,3
RUA QUINZE BAIRRO DAS TERRAS DO FORNO OU DE BELÉM,2
RUA PROF ALFREDO DE SOUSA,2
TRAVESSA DA SILVA EM BELÉM,2
RUA DOM FUAS ROUPINHO,2
RUA DA REPÚBLICA PERUANA,2
AVENIDA REPÚBLICA DA BULGÁRIA,2
TRAVESSA DO MOINHO DE VENTO,2
RUA PROFESSOR FRANCISCO GENTIL,2
BECO DAS OLARIAS,2
RUA HENRIQUE ALVES,2
RUA ANTÓNIO ALBINO MACHADO,2
RUA PROF AIRES DE SOUSA,2
RUA AFONSO DE PAIVA,2
RUA CIDADE DE NOVA LISBOA,2
RUA PROF JOSÉ PINTO CORREIA,2
TRAVESSA DA BELA VISTA,2
RUA ANTÓNIO NOBRE,2
RUA PROF HERNÂNI CIDADE,2
PRAÇA PASTEUR,2
RUA CONDE DE ALMOSTER,2
LARGO VITORIANO BRAGA,2
RUA VICENTE RIBEIRO,2
RUA DO DONDO,2
RUA DOM FRANCISCO DE SOUSA COUTINHO,2
RUA DE MANHIÇA,2
RUA DE ENTRE MUROS DO MIRANTE,2
LARGO DA AJUDA,2
ALTO DOS MOINHOS,2
RUA MARTIN LUTHER KING,2
LARGO DOS ARAUTOS,2
RUA MARQUESA DE ALORNA,2
RUA CORONEL PEREIRA DA SILVA,2
RUA BENTO GONÇALVES,2
BECO DOS CONTRABANDISTAS,2
LARGO MENDONÇA E COSTA,2
ESCADINHAS DOS TERRAMOTOS,2
RUA GENERAL JOSÉ CELESTINO DA SILVA,2
RUA ANDREA,2
RUA COMANDANTE FREITAS DA SILVA,2
ALAMEDA DO BEATO,2
ESCADINHAS DA PRAIA,2
CIRCULAR SUL DO BAIRRO DA ENCARNAÇÃO,2
RUA DR RODRIGO DE SOUSA,2
RUA DO CAIS DAS NAUS,2
RUA VIRGÍLIO MARTINHO,2
PRAÇA DAS ÁGUAS LIVRES,2
RUA LUÍS DEROUET,2
RUA GONÇALVES VIANA,2
RUA DO MACHADO,2
AZINHAGA DAS GALHARDAS,2
TRAVESSA DA CRUZ DA ROCHA,2
RUA RICARDO JORGE,2
RUA ROY CAMPBELL,2
RUA PADRE ABEL VARZIM,2
RUA CIDADE DE QUELIMANE,2
RUA MARIA BROWN,2
RUA CORONEL LUNA DE OLIVEIRA,2
RUA GENERAL JOSÉ PAULO FERNANDES,2
RUA ANTÓNIO ENES,2
RUA AQUILES MACHADO,2
RUA DO VALE FORMOSO,2
RUA DO CRUZADO OSBERNO,2
CALÇADA DO CARRASCAL,2
RUA DE SÃO JOÃO NEPOMUCENO,2
RUA MÁRIO VIEGAS,2
RUA CARLOS DANIEL,2
RUA DOM JOÃO DA SILVA,2
RUA ANTÓNIO GONÇALVES,2
LARGO DO MASTRO,2
RUA DACIANO COSTA,2
RUA FRANCISCO BAÍA,2
RUA HUMBERTO MADEIRA,2
RUA FREI TOMÉ DE JESUS,2
CALÇADA DO LIVRAMENTO,2
CALÇADA BENTO DA ROCHA CABRAL,2
BECO DA BICHA,2
RUA DE SÃO DOMINGOS DE BENFICA,2
RUA DO NORONHA,2
CAMINHO DO ALTO DO VAREJÃO,2
RUA SOUSA PINTO,2
PRAÇA OLEGÁRIO MARIANO,2
RUA LUCIANA STEGAGNO PICCHIO,2
LARGO DA ACADEMIA NACIONAL DE BELAS ARTES,2
BAIRRO NOVO À TRAVESSA DAS ÁGUAS BOAS,2
RUA DA JUDIARIA,2
RUA BROTERO,2
RUA CLUBE ATLÉTICO E RECREATIVO DO CARAMÃO,2
CALÇADA DO FERRAGIAL,2
CALÇADA DO MIRANTE À AJUDA,2
RUA LUÍS CRISTINO DA SILVA,2
TRAVESSA DO JOGO DA BOLA,2
RUA DR ANTÓNIO GRANJO,2
RUA MANUEL DA FONSECA,2
AVENIDA HELEN KELLER,2
RUA DR SILVA TELES,2
RUA DA QUINTA DO CHARQUINHO,2
RUA AMÉRICO DURÃO,2
RUA VINTE E TRÊS BAIRRO DA ENCARNAÇÃO,2
RUA PROF FERNANDO DA FONSECA,2
RUA CORONEL SANTOS PEDROSO,2
RUA ANTÓNIO VARIAÇÕES,2
BECO DO FORNO A SÃO PAULO,2
RUA DO CONSELHEIRO TELES DE VASCONCELOS,2
RUA MARQUÊS DE OLHÃO,2
CALÇADA DO MENINO DEUS,2
TRAVESSA DA MATA,2
TRAVESSA DA COSTA,2
PRAÇA GENERAL VICENTE DE FREITAS,2
BECO DE SANTA MARTA,2
TRAVESSA DO CHAFARIZ DAS TERRAS,2
LARGO DA BOAHORA À AJUDA,2
RUA CIDADE DA PRAIA,2
RUA DOM LUÍS DE NORONHA,2
RUA MIGUEL LUPI,2
LARGO DO REGEDOR,2
RUA PROF MÁRIO CHICÓ,2
RUA NATÉRCIA FREIRE,2
ALAMEDA MAHATMA GANDHI,2
PRAÇA SÃO JOÃO BOSCO,2
AZINHAGA DA CIDADE,2
LARGO DE ANDALUZ,2
AVENIDA PROFESSOR ANÍBAL DE BETTENCOURT,2
TRAVESSA DO POSSOLO,2
TRAVESSA DO SEBEIRO,2
RUA ALMADA NEGREIROS,2
RUA PROF QUEIROZ VELOSO,2
RUA ALEXANDRE REY COLAÇO,2
BECO DO FUNIL,2
PÁTIO DO CARRASCO,2
RUA DO RENO,2
RUA MARIA AMÁLIA VAZ DE CARVALHO,2
RUA ALBERTO DE OLIVEIRA,2
CALÇADA DE PALMA DE BAIXO,2
RUA SETE BAIRRO DAS TERRAS DO FORNO OU DE BELÉM,2
PRAÇA DO MUNICÍPIO,2
RUA NÉRY DELGADO,2
RUA DE ENTRECAMPOS,2
LARGO DO PENEIREIRO,2
RUA CARLOS DA MAIA,2
PRAÇA DAS AMOREIRAS,2
RUA FRANCISCO DE HOLANDA,2
RUA DOUTOR ANTÓNIO CÂNDIDO,2
RUA MAMADU SISSÉ,2
AVENIDA ANTÓNIO DE SERPA,2
RUA SÃO TOMÁS DE AQUINO,2
RUA TRISTÃO VAZ,2
RUA CORREIA GARÇÃO,2
RUA JOÃO DA SILVA,2
TRAVESSA DA GLÓRIA,2
RUA LUÍSA TODI,2
RUA DA ILHA TERCEIRA,2
CALÇADA DO SACRAMENTO,2
RUA LEANDRO BRAGA,2
TRAVESSA DO AÇOUGUE,2
TRAVESSA DE SÃO BARTOLOMEU,2
RUA ALFREDO ROQUE GAMEIRO,2
BECO DA BICA DO SAPATO,2
RUA JOSÉ DE MELLO E CASTRO,2
RUA VELOSO SALGADO,2
TRAVESSA DA HORTA,2
VIA DO ORIENTE,2
ESTRADA DA CIRCUNVALAÇÃO,2
TRAVESSA DA FÁBRICA DOS PENTES,2
RUA DA BENEFICÊNCIA,2
RUA EPIFÂNIO DIAS,2
RUA DR RAFAEL DUQUE,2
PRAÇA DA VISCONDESSA DOS OLIVAIS,2
RUA GONÇALVES ZARCO,2
RUA DR JOSÉ SARAIVA,2
AVENIDA MANUEL DA MAIA,2
RUA LUÍS PEDROSO DE BARROS,2
RUA MAJOR FIGUEIREDO RODRIGUES,2
RUA SETE BAIRRO DA ENCARNAÇÃO,2
TRAVESSA DO FERREIRO,2
RUA DO GUARDAJÓIAS,2
RUA DO SACRAMENTO A ALCÂNTARA,2
CALÇADA DE SANTA APOLÓNIA,2
TRAVESSA DO PARAÍSO,2
TRAVESSA DE SANTO ANTÃO,2
RUA NÓBREGA E SOUSA,2
RUA DO PAU DE BANDEIRA,2
RUA DE MOSCAVIDE AO PARQUE DAS NAÇÕES,2
RUA OLAVO D EÇA LEAL,2
RUA PEDRO DE SINTRA,2
PÁTIO ALJUBE,2
RUA GILBERTO ROLA,2
RUA DO SACO,2
RUA ALMIRANTE SARMENTO RODRIGUES,2
AVENIDA PADRE MANUEL DA NÓBREGA,2
RUA PROFESSOR VEIGA BEIRÃO,2
RUA VIOLANTE DO CÉU,2
BECO DA CRUZ,2
RUA DAS GALÉS,2
RUA DAS PEDREIRAS,2
RUA LUÍS MONTEIRO,2
LARGO DA SÉ,2
RUA CIDADE DE BOLAMA,2
RUA DOM CRISTÓVÃO DA GAMA,2
TRAVESSA DAS FLORINDAS,2
RUA DA QUINTA DA ADUELA,2
VILA DE RIBEIRO SEABRA,2
BECO DO MACHADINHO,2
PASSEIO DAS ÂNCORAS,2
RUA FRANCISCO DE ASSIS RODRIGUES,2
RUA AGOSTINHO DE CAMPOS,2
BECO DO BUGIO,2
CALÇADA DO TOJAL,2
RUA CERVANTES,2
RUA VÍTOR HUGO,2
RUA JAU,2
PAÇO DA RAINHA,2
CALÇADA DA MOURARIA,2
LARGO DO MENINO DEUS,2
RUA PADRE FRANCISCO ÁLVARES,2
BECO DE SÃO FRANCISCO,2
TRAVESSA DO CHAFARIZ DE ELREI,2
RUA ENGº CUNHA LEAL,2
PÁTIO LENCASTRE A SANTA CATARINA,2
RUA DUARTE GALVÃO,2
CALÇADA DE SANTO ANTÓNIO,2
RUA PROF JORGE DA SILVA HORTA,2
LARGO RAFAEL BORDALO PINHEIRO,2
RUA ANTÓNIA PUSICH,2
RUA JÚLIO CÉSAR MACHADO,2
RUA CIDADE DE CABINDA,2
RUA CIDADE DE MOÇÂMEDES,2
RUA AUGUSTO MACHADO,2
AVENIDA DO COLÉGIO MILITAR,2
REGUEIRÃO DOS ANJOS,2
RUA DO PARAISO,2
RUA VIEIRA DA SILVA,2
RUA CESÁRIO VERDE,2
TRAVESSA DA FÁBRICA DAS SEDAS,2
ESTRADA DOS PRAZERES,2
RUA SERRA VIDAL,2
RUA OLIVÉRIO SERPA,2
TRAVESSA DO DESPACHO,2
RUA CAPITÃO JOSÉ SOARES DA ENCARNAÇÃO,2
BECO DOS TRÊS ENGENHOS,2
RUA JOSÉ DA BATEIRA,1
RUA FREI MANUEL CARDOSO,1
RUA PROFESSOR SALAZAR DE SOUSA,1
RUA DO IBO,1
RUA FERNANDO NAMORA,1
RUA CARVALHÃO DUARTE,1
RUA PAUL HARRIS,1
RUA DO ALTO DO CHAPELEIRO,1
BECO DOS CLÉRIGOS,1
RUA DO MERCADO,1
RUA CIDADE DE RABAT,1
RUA ACTOR ANTÓNIO SILVA,1
RUA ANDRÉ DE GOUVEIA,1
TRAVESSA ANDRÉ VALENTE,1
RUA DAS NECESSIDADES,1
RUA JOÃO LÚCIO,1
RUA ÁLVARO BENAMOR,1
RUA DO BOM PASTOR,1
RUA ZÓFIMO PEDROSO,1
RUA JOÃO PALMA FERREIRA,1
RUA DOIS BAIRRO DA ENCARNAÇÃO,1
ALAMEDA DA ENCARNAÇÃO,1
RUA CLÁUDIO NUNES,1
RUA FRANCISCO PEREIRA DE SOUSA,1
RUA DA ILHA DOS AMORES,1
RUA LÚCIO DE AZEVEDO,1
RUA DO ALTO DO DUQUE,1
RUA DA VILA DE SÃO MARTINHO,1
TRAVESSA DE PALMA,1
TRAVESSA DE SÃO PAULO,1
RUA TOMÁS BORBA,1
RUA SYLVIO REBELO,1
TRAVESSA SANTO ANTÓNIO A GRAÇA,1
POÇO DO BORRATÉM,1
AVENIDA DE PARIS,1
RUA CABO MANUEL LEITÃO,1
PÁTIO DE DOM FRADIQUE,1
RUA VINTE E SEIS BAIRRO DO ALTO DA AJUDA,1
RUA BOMBEIRO CATANA RAMOS,1
RUA DO INSTITUTO BACTERIOLÓGICO,1
RUA DAS COZINHAS,1
RUA DOS ARAMEIROS,1
RUA DOIS BAIRRO DO ALTO DA AJUDA,1
RUA ANA DE CASTRO OSÓRIO,1
RUA LUÍS DE FREITAS BRANCO,1
RUA INOCÊNCIO FRANCISCO DA SILVA,1
RUA ENGº FERRY BORGES,1
RUA FRANCISCO STROMP,1
RUA LAURA ALVES,1
AVENIDA RAINHA DONA LEONOR,1
BECO DO SALVADOR,1
RUA DE SÃO BENTO MENNI,1
AVENIDA FREI MIGUEL CONTREIRAS,1
AVENIDA SANTOS DUMONT,1
CALÇADA DE DOM GASTÃO,1
RUA DR JOSÉ BAPTISTA DE SOUSA,1
RUA FERNANDO PALHA,1
RUA VERÍSSIMO DIAS,1
RUA DO BEATO,1
TRAVESSA DO CIDADÃO JOÃO GONÇALVES,1
RUA BRÁS PACHECO,1
TRAVESSA DAS IRMÃZINHAS DOS POBRES,1
RUA CORONEL BENTO ROMA,1
RUA JOAQUINA,1
TRAVESSA DAS TERRAS DO DESEMBARGADOR,1
TRAVESSA DA TORRINHA,1
RUA ALFERES MALHEIRO,1
RUA DOM LUÍS COUTINHO,1
CAMINHO DE BAIXO DA PENHA,1
RUA CAPITÃO RAMIRES,1
RUA CASIMIRO FREIRE,1
RUA DA PORTELA,1
RUA FRANKLIM,1
RUA JOÃO HOGAN,1
RUA PROF VIEIRA DE ALMEIDA,1
RUA ADELAIDE FÉLIX,1
RUA CIDADE DE TOMAR,1
RUA GENERAL SCHIAPPA MONTEIRO,1
RUA FREDERICO GEORGE,1
AVENIDA AVELINO TEIXEIRA DA MOTA,1
RUA ABEL BOTELHO,1
TRAVESSA MIGUEL VERDIAL,1
PRAÇA DE ALVALADE,1
RUA JOSÉ PEDRO MACHADO,1
RUA MÁRIO GOMES PÁSCOA,1
RUA DA REPÚBLICA DA BOLÍVIA,1
AVENIDA PAULO VI,1
RUA CINCO BAIRRO DA ENCARNAÇÃO,1
RUA JOÃO BAPTISTA RIBEIRO,1
RUA MAESTRO RAÚL FERRÃO,1
RUA PROF DIAS AMADO,1
RUA FREI AMADOR ARRAIS,1
RUA CIDADE DE TETE,1
RUA DR JOSÉ ESPÍRITO SANTO,1
RUA VINTE E QUATRO BAIRRO DA ENCARNAÇÃO,1
RUA COSTA MOTA,1
RUA FREDERICO DE BRITO,1
RUA MARIA DE LOURDES PINTASILGO,1
TRAVESSA DE BEIROLAS,1
TRAVESSA DE SÃO JERÓNIMO,1
RUA PROFESSOR CÉSAR OLIVEIRA,1
RUA PROFESSOR GOMES TEIXEIRA,1
TRAVESSA DO POTE DE ÁGUA,1
LARGO DO MALVAR,1
RUA D TOMÁS DE MELO BREYNER,1
RUA JOSÉ MARIA RODRIGUES,1
AVENIDA DO SANTO CONDESTÁVEL,1
RUA PROF BARBOSA SUEIRO,1
TRAVESSA DO FORNO,1
TRAVESSA DE ALCÂNTARA,1
RUA MIGUEL NOGUEIRA JÚNIOR,1
TRISTE FEIA,1
RUA PERY DE LINDE JOAO,1
RUA CIDADE DE LOBITO,1
RUA ABÍLIO MENDES,1
LARGO DO FIGUEIREDO,1
AZINHAGA DO ALTO DO VAREJÃO,1
RUA DAS CHAMINÉS DELREI,1
RUA ARTUR DE PAIVA,1
RUA CRISTÓVÃO DE FIGUEIREDO,1
RUA STUART CARVALHAIS,1
RUA DE MANJACAZE,1
PRAÇA AIRES DE ORNELAS,1
PRAÇA GONÇALO TRANCOSO,1
RUA NÉLSON DE BARROS,1
RUA DE FERNANDO PEDROSO,1
RUA ÁLVARES FAGUNDES,1
LARGO MANUEL EMÍDIO DA SILVA,1
RUA AUGUSTO COSTA COSTINHA,1
CARACOL DA GRAÇA,1
TRAVESSA LARGA,1
RUA CORONEL MARQUES LEITÃO,1
RUA ENGº CALDEIRA RODRIGUES,1
RUA DE SÃO FRANCISCO DE SALES,1
RUA JORGE DE CASTILHO,1
TRAVESSA DAS GALINHEIRAS,1
RUA CORONEL RIBEIRO VIANA,1
AVENIDA DO URUGUAI,1
RUA JOSÉ PINHEIRO DE MELO,1
RUA DO GANGES,1
RUA SAM LEVY,1
RUA MELO ANTUNES,1
RUA PARTICULAR À QUINTA DO REGUENGO,1
RUA COMANDANTE FONTOURA DA COSTA,1
TRAVESSA DE SANTO ANTÓNIO À JUNQUEIRA,1
RUA DAS CARAVELAS,1
RUA DOM CONSTANTINO DE BRAGANÇA,1
LARGO DA MADALENA,1
RUA DAS LARANJEIRAS,1
ALAMEDA DE SANTO ANTÓNIO DOS CAPUCHOS,1
RUA JOÃO SARAIVA,1
RUA DUARTE LOBO,1
AVENIDA MARCONI,1
RUA ANTÓNIO FERREIRA,1
RUA LUCIANO FREIRE,1
BECO DE MARIA DA GUERRA,1
RUA CAPELO,1
RUA DE DIOGO CÃO,1
TRAVESSA DEBAIXO DOS QUARTÉIS,1
RUA GENERAL FIRMINO MIGUEL,1
TRAVESSA DA AJUDA,1
BECO DO OLIVAL,1
CALÇADA RIBEIRO SANTOS,1
RUA FREI LUÍS DE GRANADA,1
RUA JORGE ALVES,1
RUA CIDADE DE CÁDIZ,1
BECO DA BARBADELA,1
RUA JORGE AMADO,1
RUA PROF ARMINDO MONTEIRO,1
RUA DR RUI GOMES DE OLIVEIRA,1
RUA JOSÉ DESAGUY,1
RUA DO RIO TEJO,1
AVENIDA FRANCISCO SALGADO ZENHA,1
TRAVESSA DO OUTEIRO,1
RUA DA ACADEMIA RECREATIVA DE SANTO AMARO,1
PRAÇA CIDADE DE SÃO SALVADOR,1
RUA ENGº QUARTIN GRAÇA,1
RUA CIDADE DE INHAMBANE,1
PRAÇA DE LONDRES,1
LARGO DO RIO SECO,1
TRAVESSA DOS MACHADOS,1
LARGO DO CHIADO,1
LARGO DE DOMINGOS TENDEIRO,1
RUA JOÃO DA NOVA,1
RUA DA VENEZUELA,1
RUA ALFREDO GUISADO,1
LARGO DAS GRALHAS,1
RUA MANUEL DA SILVA,1
PÁTIO DO SEABRA,1
RUA DOM LOURENÇO DE ALMEIDA,1
RUA ACÚRSIO PEREIRA,1
LARGO DA PRINCESA,1
RUA JORGE COLAÇO,1
AVENIDA DA BOA ESPERANÇA,1
AVENIDA DE ULISSES,1
RUA CIDADE DE JOÃO BELO,1
ESTRADA DO PAÇO DO LUMIAR,1
VILA MIGUÉIS,1
RUA DO CARDAL DE SÃO JOSÉ,1
RUA CINCO BAIRRO DA CALÇADA DOS MESTRES,1
PRAÇA PROFESSOR SANTOS ANDREA,1
RUA JOSHUA BENOLIEL,1
RUA PROF FERNANDO DE MELLO MOSER,1
RUA DOIS BAIRRO DAS TERRAS DO FORNO OU DE BELÉM,1
RUA MELVIN JONES,1
RUA DE DONA FILIPA DE VILHENA,1
RUA CARLOS DE SEIXAS,1
RUA MARQUÊS DE SUBSERRA,1
RUA DE SÃO JOÃO DE BRITO,1
RUA ALFREDO SOARES,1
TRAVESSA DAS PITEIRAS,1
RUA D ANTÓNIO CAETANO DE SOUSA,1
CALÇADA DE SANTA CATARINA A CHELAS,1
PASSEIO DO LEVANTE,1
CALÇADA DAS LAJES,1
RUA CHABY PINHEIRO,1
TRAVESSA DAS FREIRAS A ARROIOS,1
LARGO DE SANTA BÁRBARA,1
RUA DO LEME,1
AVENIDA DOM RODRIGO DA CUNHA,1
RUA FERNÃO ÁLVARES DO ORIENTE,1
RUA VISCONDE DE SEABRA,1
ESTRADA DO POÇO DO CHÃO,1
RUA TRÊS BAIRRO DA ENCARNAÇÃO,1
ESTRADA DOS ARNEIROS,1
RUA DO MILAGRE DE SANTO ANTÓNIO,1
RUA CIDADE DE MARGÃO,1
RUA PROFESSOR MANUEL VIEGAS GUERREIRO,1
RUA JORGE ÁLVARES,1
PASSEIO DA VILA EXPO,1
RUA CARDEAL MERCIER,1
ESCADINHAS DO BAIRRO AMÉRICA,1
TRAVESSA SILVA PORTO,1
TRAVESSA DE SANTO ALEIXO,1
AZINHAGA DA TORRE DO FATO,1
RUA JOSÉ LINS DO REGO,1
AVENIDA CONSELHEIRO FERNANDO DE SOUSA,1
RUA DO SOL A SANTANA,1
RUA ADRIANA DE VECCHI,1
RUA LUCÍLIA DO CARMO,1
RUA VILA CORREIA,1
RUA OLIVEIRA MARTINS,1
BECO DO CHANCELER,1
RUA GINESTAL MACHADO,1
RUA DE ANDALUZ,1
RUA TOMÁS CABREIRA,1
RUA MARIA ULRICH,1
RUA DR JOAQUIM MANSO,1
RUA JOÃO ANASTÁCIO ROSA,1
PRACETA DOM JOÃO DE CASTRO,1
BECO DO ALFURJA,1
RUA EDUARDO VIDAL,1
ESCADINHAS DA OLIVEIRA,1
TRAVESSA DAS ZEBRAS,1
RUA JAIME BATALHA REIS,1
RUA QUATRO BAIRRO DAS TERRAS DO FORNO OU DE BELÉM,1
LARGO DO TABELIÃO,1
RUA REINALDO FERREIRA,1
RUA PEDRO MONJARDINO,1
LARGO AMÉRICO ROSA GUIMARÃES,1
PASSEIO DOS JACARANDÁS,1
RUA CABO FLORIANO DE MORAIS,1
RUA JOÃO AMARAL,1
LARGO DOS JERÓNIMOS,1
LARGO DO LEÃO,1
BECO DO CALDEIRA,1
TRAVESSA DO NORTE À LAPA,1
BECO DOS AGULHEIROS,1
ESCADINHAS DAS ESCOLAS GERAIS,1
RUA JOÃO PINTO RIBEIRO,1
LARGO DE SÃO VICENTE,1
RUA DA ALFÂNDEGA,1
RUA DA TORRE,1
RUA FERNANDO SYLVAN,1
AVENIDA CIDADE DE LOURENÇO MARQUES,1
RUA MIGUEL ÂNGELO DE BLASCO,1
TRAVESSA DAS FLORES,1
BECO DO VIGÁRIO,1
RUA PROF EDUARDO CORTESÃO,1
RUA ALMEIDA BRANDÃO,1
RUA PROFESSOR REINALDO DOS SANTOS,1
RUA TRÊS BAIRRO CALÇADA DOS MESTRES,1
BECO DO ÍNDIA,1
RUA JOSÉ AFONSO,1
RUA EDISON,1
RUA JOSÉ ACÚRCIO DAS NEVES,1
LARGO CRISTÓVÃO AIRES,1
TRAVESSA DO MACHADO,1
BECO DOS VIDROS,1
RUA ANTÓNIA ANDRADE,1
RUA CAMILO PESSANHA,1
RUA CARLOS JOSÉ BARREIROS,1
RUA VIANA DA MOTA,1
RUA DO ARCO DO CEGO,1
RUA RAÚL MESNIER DU PONSARD,1
RUA ANTÓNIO ANDRADE,1
PRAÇA ANICETO DO ROSÁRIO,1
TRAVESSA DA ESCOLA ARAÚJO,1
RUA PÚBLIA HORTÊNSIA DE CASTRO,1
RUA DE SANTA ISABEL,1
RUA DR BASTOS GONÇALVES,1
PRAÇA JOSÉ FONTANA,1
RUA GUILHERME DE AZEVEDO,1
RUA SANTOS PINTO,1
BECO DA BOLACHA,1
RUA ALICE PESTANA CAIEL,1
RUA MÁRIO CASTRIM,1
PÁTIO DO SEXTANTE,1
RUA DOIS DA VILA MAIA,1
RUA NOVA DE PALMA,1
RUA ANTERO DE FIGUEIREDO,1
RUA DO CENTRO CULTURAL,1
RUA JOSÉ FARINHA,1
RUA DIOGO BERNARDES,1
AVENIDA JOÃO PAULO II,1
RUA PROFESSOR PINTO PEIXOTO,1
RUA FERNANDO BENTO,1
TRAVESSA DE GUILHERME COSSOUL,1
CALÇADA DO MARQUÊS DE TANCOS,1
RUA ERNESTO DA SILVA,1
BECO DO BENFORMOSO,1
AVENIDA DR ARLINDO VICENTE,1
PRACETA ADOLFO AYALA,1
RUA FLORBELA ESPANCA,1
ESTRADA DO LOUREIRO,1
RUA VINTE BAIRRO DA ENCARNAÇÃO,1
RUA TREZE BAIRRO DAS TERRAS DO FORNO OU DE BELÉM,1
LARGO DO DUQUE DE CADAVAL,1
RUA CARLOS GEORGE,1
RUA DO CASALINHO DA AJUDA,1
RUA MAESTRO PEDRO DE FREITAS BRANCO,1
RUA GORGEL DO AMARAL,1
RUA CAPITÃO SANTIAGO DE CARVALHO,1
RUA JOÃO GRAÇA BARRETO,1
RUA SEARA NOVA,1
RUA CAROLINA MICHAELIS DE VASCONCELOS,1
RUA JOSÉ ANTÓNIO LOPES,1
LARGO DO MONTE,1
RUA SOUSA LOPES,1
LARGO RODRIGUES CORDEIRO,1
RUA MARQUÊS DO SOVERAL,1
RUA GUILHERMINA SUGGIA,1
RUA CONDE DE MONSARAZ,1
RUA DUARTE PACHECO PEREIRA,1
AVENIDA AFONSO COSTA,1
RUA DR ESTÊVÃO DE VASCONCELOS,1
LARGO DA ACHADA,1
RUA SOLDADO ANTÓNIO DA COSTA,1
BECO DA MOEDA,1
LARGO JOSÉ JOÃO FARINHA JR,1
RUA CORONEL FERREIRA DO AMARAL,1
RUA DOS SOEIROS,1
RUA JOSÉ TRAVASSOS,1
RUA PEDRO DE QUEIRÓS PEREIRA,1
RUA DEZASSEIS BAIRRO DAS TERRAS DO FORNO OU DE BELÉM,1
AVENIDA VENTURA TERRA,1
TRAVESSA DA CRUZ DO TOREL,1
RUA VILHENA BARBOSA,1
TRAVESSA DO CONDE DA PONTE,1
RUA PEDRO E INÊS,1
RUA ANTÓNIO PATRÍCIO,1
PRAÇA CARLOS RAMOS,1
RUA JOSÉ PINTO BASTOS,1
RUA DA FRATERNIDADE OPERÁRIA,1
RUA AVIADOR PLÁCIDO DE ABREU,1
BECO DO ARCO ESCURO,1
RUA RICARDO ESPÍRITO SANTO,1
RUA MAESTRO JAIME SILVA FILHO,1
RUA JOÃO DE SANTARÉM,1
AVENIDA DE BRASÍLIA,1
RUA GUARDA JOSÉ DE OLIVEIRA,1
RUA MELO GOUVEIA,1
TRAVESSA DA CRUZ AOS ANJOS,1
ROTUNDA DAS OLIVEIRAS,1
RUA ÂNGELA PINTO,1
RUA DOZE BAIRRO DAS TERRAS DO FORNO OU DE BELÉM,1
RUA DESIDÉRIO BEÇA,1
CALÇADA DE CARRICHE,1
PRAÇA FRANCISCO DE MORAIS,1
RUA LUÍS FERNANDES,1
RUA ALVES GOUVEIA,1
AVENIDA DA ILHA DA MADEIRA,1
RUA PROF VÍTOR FONTES,1
RUA PROF JUVENAL ESTEVES,1
ARCO DO EVARISTO,1
TRAVESSA DAS PEDRAS NEGRAS,1
RUA DOM JERÓNIMO OSÓRIO,1
PÁTIO DO TEJOLO,1
AVENIDA GRÃO VASCO,1
TRAVESSA DOS JERÓNIMOS,1
RUA DOM ALBERTO BRAMÃO,1
RUA JAIME MENDES,1
TRAVESSA DE SÃO JOÃO DE DEUS,1
TRAVESSA DAS VERDURAS,1
TRAVESSA DO FORTE DA AREIA,1
TRAVESSA DA GIESTA,1
RUA MÁRIO CASTELHANO,1
RUA ARTUR RAMOS,1
RUA BARATA SALGUEIRO,1
ESCADINHAS COSTA DO CASTELO,1
RUA CORDEIRO FERREIRA,1
RUA VILA DE CATIÓ,1
RUA DO MEIO AO ARCO DO CARVALHÃO,1
